Position,Const,Created,Modified,Description,Title,Original Title,URL,Title Type,IMDb Rating,Runtime (mins),Year,Genres,Num Votes,Release Date,Directors
1,tt0110912,2013-04-03,2013-04-03,,"Pulp Fiction","Pulp Fiction",https://www.imdb.com/title/tt0110912/,Movie,8.8,154,1994,"Crime, Drama",2346483,1994-10-14,"Quentin Tarantino"
2,tt0120815,2013-04-03,2013-04-03,,"Saving Private Ryan","Saving Private Ryan",https://www.imdb.com/title/tt0120815/,Movie,8.6,169,1998,"Drama, War",1577398,1998-07-24,"Steven Spielberg"
3,tt0407887,2013-04-03,2013-04-03,,"The Departed","The Departed",https://www.imdb.com/title/tt0407887/,Movie,8.5,151,2006,"Crime, Drama, Thriller",1494799,2006-10-06,"Martin Scorsese"
4,tt0113277,2013-04-03,2013-04-03,,"Heat","Heat",https://www.imdb.com/title/tt0113277/,Movie,8.3,170,1995,"Action, Crime, Drama",762883,1995-12-15,"Michael Mann"
5,tt0102926,2013-04-03,2013-04-03,,"The Silence of the Lambs","The Silence of the Lambs",https://www.imdb.com/title/tt0102926/,Movie,8.6,118,1991,"Crime, Drama, Horror, Thriller",1644939,1991-02-14,"Jonathan Demme"
6,tt0477348,2013-04-03,2013-04-03,,"No Country for Old Men","No Country for Old Men",https://www.imdb.com/title/tt0477348/,Movie,8.2,122,2007,"Crime, Drama, Thriller",1129198,2007-11-21,"Ethan Coen, Joel Coen"
7,tt0114709,2013-04-03,2013-04-03,,"Toy Story","Toy Story",https://www.imdb.com/title/tt0114709/,Movie,8.3,81,1995,"Animation, Adventure, Comedy, Family, Fantasy",1127908,1995-11-22,"John Lasseter"
8,tt0111161,2013-04-03,2013-04-03,,"The Shawshank Redemption","The Shawshank Redemption",https://www.imdb.com/title/tt0111161/,Movie,9.3,142,1994,"Drama",3061528,1994-10-14,"Frank Darabont"
9,tt0217505,2013-04-03,2013-04-03,,"Gangs of New York","Gangs of New York",https://www.imdb.com/title/tt0217505/,Movie,7.5,167,2002,"Crime, Drama",490130,2002-12-20,"Martin Scorsese"
10,tt0167261,2013-04-03,2013-04-03,,"The Lord of the Rings: The Two Towers","The Lord of the Rings: The Two Towers",https://www.imdb.com/title/tt0167261/,Movie,8.8,179,2002,"Adventure, Drama, Fantasy",1882525,2002-12-18,"Peter Jackson"
11,tt0120737,2013-04-03,2013-04-03,,"The Lord of the Rings: The Fellowship of the Ring","The Lord of the Rings: The Fellowship of the Ring",https://www.imdb.com/title/tt0120737/,Movie,8.9,178,2001,"Adventure, Drama, Fantasy",2118914,2001-12-19,"Peter Jackson"
12,tt0114369,2013-04-03,2013-04-03,,"Se7en","Se7en",https://www.imdb.com/title/tt0114369/,Movie,8.6,127,1995,"Crime, Drama, Mystery, Thriller",1922343,1995-09-22,"David Fincher"
13,tt0116483,2013-04-03,2013-04-03,,"Happy Gilmore","Happy Gilmore",https://www.imdb.com/title/tt0116483/,Movie,7.0,92,1996,"Comedy, Sport",266156,1996-02-16,"Dennis Dugan"
14,tt0167260,2013-04-03,2013-04-03,,"The Lord of the Rings: The Return of the King","The Lord of the Rings: The Return of the King",https://www.imdb.com/title/tt0167260/,Movie,9.0,201,2003,"Adventure, Drama, Fantasy",2088022,2003-12-17,"Peter Jackson"
15,tt0217869,2013-04-03,2013-04-03,,"Unbreakable","Unbreakable",https://www.imdb.com/title/tt0217869/,Movie,7.3,106,2000,"Drama, Mystery, Sci-Fi, Thriller",457843,2000-11-22,"M. Night Shyamalan"
16,tt0468569,2013-04-03,2013-04-03,,"The Dark Knight","The Dark Knight",https://www.imdb.com/title/tt0468569/,Movie,9.0,152,2008,"Action, Crime, Drama, Thriller",3035826,2008-07-18,"Christopher Nolan"
17,tt0257044,2013-04-03,2013-04-03,,"Road to Perdition","Road to Perdition",https://www.imdb.com/title/tt0257044/,Movie,7.7,117,2002,"Crime, Drama, Thriller",294271,2002-07-12,"Sam Mendes"
18,tt1119646,2013-04-03,2013-04-03,,"The Hangover","The Hangover",https://www.imdb.com/title/tt1119646/,Movie,7.7,100,2009,"Comedy",892184,2009-06-05,"Todd Phillips"
19,tt0133093,2013-04-03,2013-04-03,,"The Matrix","The Matrix",https://www.imdb.com/title/tt0133093/,Movie,8.7,136,1999,"Action, Sci-Fi",2165148,1999-03-31,"Lana Wachowski, Lilly Wachowski"
20,tt0172495,2013-04-03,2013-04-03,,"Gladiator","Gladiator",https://www.imdb.com/title/tt0172495/,Movie,8.5,155,2000,"Action, Adventure, Drama",1769477,2000-05-05,"Ridley Scott"
21,tt0265086,2013-04-03,2013-04-03,,"Black Hawk Down","Black Hawk Down",https://www.imdb.com/title/tt0265086/,Movie,7.7,144,2001,"Action, Drama, History, War",441512,2002-01-18,"Ridley Scott"
22,tt0117666,2013-04-03,2013-04-03,,"Sling Blade","Sling Blade",https://www.imdb.com/title/tt0117666/,Movie,8.0,135,1996,"Drama",102224,1997-03-14,"Billy Bob Thornton"
23,tt0116778,2013-04-04,2013-04-04,,"Kingpin","Kingpin",https://www.imdb.com/title/tt0116778/,Movie,6.9,114,1996,"Comedy, Sport",94290,1996-07-26,"Bobby Farrelly, Peter Farrelly"
24,tt0105236,2013-04-03,2013-04-03,,"Reservoir Dogs","Reservoir Dogs",https://www.imdb.com/title/tt0105236/,Movie,8.3,99,1992,"Crime, Thriller",1136706,1992-09-02,"Quentin Tarantino"
25,tt0443706,2013-04-03,2013-04-03,,"Zodiac","Zodiac",https://www.imdb.com/title/tt0443706/,Movie,7.7,157,2007,"Crime, Drama, Mystery, Thriller",639258,2007-03-02,"David Fincher"
26,tt0327056,2013-04-03,2013-04-03,,"Mystic River","Mystic River",https://www.imdb.com/title/tt0327056/,Movie,7.9,138,2003,"Crime, Drama, Mystery, Thriller",505878,2003-10-15,"Clint Eastwood"
27,tt0129387,2013-04-03,2013-04-03,,"There's Something About Mary","There's Something About Mary",https://www.imdb.com/title/tt0129387/,Movie,7.1,119,1998,"Comedy, Romance",340293,1998-07-15,"Bobby Farrelly, Peter Farrelly"
28,tt0119396,2013-04-03,2013-04-03,,"Jackie Brown","Jackie Brown",https://www.imdb.com/title/tt0119396/,Movie,7.5,154,1997,"Crime, Drama, Thriller",391325,1997-12-25,"Quentin Tarantino"
29,tt1375666,2013-04-03,2013-04-03,,"Inception","Inception",https://www.imdb.com/title/tt1375666/,Movie,8.8,148,2010,"Action, Adventure, Sci-Fi, Thriller",2698067,2010-07-16,"Christopher Nolan"
30,tt0217756,2013-04-03,2013-04-03,,"Ready to Rumble","Ready to Rumble",https://www.imdb.com/title/tt0217756/,Movie,5.4,107,2000,"Comedy, Sport",15894,2000-04-07,"Brian Robbins"
31,tt0408306,2013-04-03,2013-04-03,,"Munich","Munich",https://www.imdb.com/title/tt0408306/,Movie,7.5,164,2005,"Drama, History, Thriller",247859,2006-01-06,"Steven Spielberg"
32,tt0137523,2013-04-03,2013-04-03,,"Fight Club","Fight Club",https://www.imdb.com/title/tt0137523/,Movie,8.8,139,1999,"Crime, Drama, Thriller",2480166,1999-10-15,"David Fincher"
33,tt0109830,2013-04-03,2013-04-03,,"Forrest Gump","Forrest Gump",https://www.imdb.com/title/tt0109830/,Movie,8.8,142,1994,"Drama, Romance",2391636,1994-07-06,"Robert Zemeckis"
34,tt0109040,2013-04-03,2013-04-03,,"Ace Ventura: Pet Detective","Ace Ventura: Pet Detective",https://www.imdb.com/title/tt0109040/,Movie,6.9,86,1994,"Comedy",341218,1994-02-04,"Tom Shadyac"
35,tt0114694,2013-04-03,2013-04-03,,"Tommy Boy","Tommy Boy",https://www.imdb.com/title/tt0114694/,Movie,7.1,97,1995,"Adventure, Comedy",101848,1995-03-31,"Peter Segal"
36,tt0268978,2013-04-03,2013-04-03,,"A Beautiful Mind","A Beautiful Mind",https://www.imdb.com/title/tt0268978/,Movie,8.2,135,2001,"Biography, Drama, Mystery",1025250,2002-01-04,"Ron Howard"
37,tt0144117,2013-04-03,2013-04-03,,"The Boondock Saints","The Boondock Saints",https://www.imdb.com/title/tt0144117/,Movie,7.6,108,1999,"Action, Crime, Thriller",257889,2000-01-21,"Troy Duffy"
38,tt0265459,2013-04-03,2013-04-03,,"One Hour Photo","One Hour Photo",https://www.imdb.com/title/tt0265459/,Movie,6.8,96,2002,"Drama, Thriller",136551,2002-09-13,"Mark Romanek"
39,tt0264464,2013-04-03,2013-04-03,,"Catch Me If You Can","Catch Me If You Can",https://www.imdb.com/title/tt0264464/,Movie,8.1,141,2002,"Biography, Crime, Drama",1172517,2002-12-25,"Steven Spielberg"
40,tt0780571,2013-04-03,2013-04-03,,"Mr. Brooks","Mr. Brooks",https://www.imdb.com/title/tt0780571/,Movie,7.2,120,2007,"Crime, Drama, Mystery, Thriller",160984,2007-06-01,"Bruce A. Evans"
41,tt1130884,2013-04-03,2013-04-03,,"Shutter Island","Shutter Island",https://www.imdb.com/title/tt1130884/,Movie,8.2,138,2010,"Drama, Mystery, Thriller",1559012,2010-02-19,"Martin Scorsese"
42,tt0120363,2013-04-03,2013-04-03,,"Toy Story 2","Toy Story 2",https://www.imdb.com/title/tt0120363/,Movie,7.9,92,1999,"Animation, Adventure, Comedy, Family, Fantasy",647572,1999-11-24,"John Lasseter, Ash Brannon, Lee Unkrich"
43,tt0068646,2013-04-03,2013-04-03,,"The Godfather","The Godfather",https://www.imdb.com/title/tt0068646/,Movie,9.2,175,1972,"Crime, Drama",2136946,1972-03-24,"Francis Ford Coppola"
44,tt0115685,2013-04-03,2013-04-03,,"The Birdcage","The Birdcage",https://www.imdb.com/title/tt0115685/,Movie,7.2,117,1996,"Comedy",109063,1996-03-08,"Mike Nichols"
45,tt0319061,2013-04-03,2013-04-03,,"Big Fish","Big Fish",https://www.imdb.com/title/tt0319061/,Movie,8.0,125,2003,"Adventure, Drama, Fantasy, Romance",470460,2004-01-09,"Tim Burton"
46,tt0198781,2013-04-03,2013-04-03,,"Monsters, Inc.","Monsters, Inc.",https://www.imdb.com/title/tt0198781/,Movie,8.1,92,2001,"Animation, Adventure, Comedy, Family, Fantasy",1033145,2001-11-23,"Pete Docter, David Silverman, Lee Unkrich"
47,tt0110006,2013-04-03,2013-04-03,,"Heavyweights","Heavyweights",https://www.imdb.com/title/tt0110006/,Movie,6.6,97,1995,"Comedy, Drama, Family, Sport",32197,1995-02-17,"Steven Brill"
48,tt0416449,2013-04-03,2013-04-03,,"300","300",https://www.imdb.com/title/tt0416449/,Movie,7.6,117,2006,"Action, Drama",893657,2007-03-09,"Zack Snyder"
49,tt0109686,2013-04-03,2013-04-03,,"Dumb and Dumber","Dumb and Dumber",https://www.imdb.com/title/tt0109686/,Movie,7.3,107,1994,"Comedy",430495,1994-12-16,"Peter Farrelly, Bobby Farrelly"
50,tt0120586,2013-04-03,2013-04-03,,"American History X","American History X",https://www.imdb.com/title/tt0120586/,Movie,8.5,119,1998,"Crime, Drama",1235812,1998-11-20,"Tony Kaye"
51,tt0119488,2013-04-03,2013-04-03,,"L.A. Confidential","L.A. Confidential",https://www.imdb.com/title/tt0119488/,Movie,8.2,138,1997,"Crime, Drama, Mystery, Thriller",643691,1997-09-19,"Curtis Hanson"
52,tt0119008,2013-04-03,2013-04-03,,"Donnie Brasco","Donnie Brasco",https://www.imdb.com/title/tt0119008/,Movie,7.7,127,1997,"Biography, Crime, Drama",345819,1997-02-28,"Mike Newell"
53,tt0838283,2013-04-03,2013-04-03,,"Step Brothers","Step Brothers",https://www.imdb.com/title/tt0838283/,Movie,6.9,98,2008,"Comedy",332125,2008-07-25,"Adam McKay"
54,tt0382932,2013-04-03,2013-04-03,,"Ratatouille","Ratatouille",https://www.imdb.com/title/tt0382932/,Movie,8.1,111,2007,"Animation, Adventure, Comedy, Family, Fantasy",891981,2007-06-29,"Brad Bird, Jan Pinkava"
55,tt0409459,2013-04-03,2013-04-03,,"Watchmen","Watchmen",https://www.imdb.com/title/tt0409459/,Movie,7.6,162,2009,"Action, Drama, Mystery, Sci-Fi",599815,2009-03-06,"Zack Snyder"
56,tt0404390,2013-04-04,2013-04-04,"Paul Walker is terrible, this move is not.","Running Scared","Running Scared",https://www.imdb.com/title/tt0404390/,Movie,7.3,122,2006,"Action, Crime, Drama, Thriller",105396,2006-02-24,"Wayne Kramer"
57,tt0311113,2013-04-03,2013-04-03,,"Master and Commander: The Far Side of the World","Master and Commander: The Far Side of the World",https://www.imdb.com/title/tt0311113/,Movie,7.5,138,2003,"Action, Adventure, Drama, War",247619,2003-11-14,"Peter Weir"
58,tt0073486,2013-04-03,2013-04-03,,"One Flew Over the Cuckoo's Nest","One Flew Over the Cuckoo's Nest",https://www.imdb.com/title/tt0073486/,Movie,8.7,133,1975,"Drama",1122220,1975-11-19,"Milos Forman"
59,tt0104257,2013-04-03,2013-04-03,,"A Few Good Men","A Few Good Men",https://www.imdb.com/title/tt0104257/,Movie,7.7,138,1992,"Drama, Thriller",304170,1992-12-11,"Rob Reiner"
60,tt0369339,2013-04-03,2013-04-03,,"Collateral","Collateral",https://www.imdb.com/title/tt0369339/,Movie,7.5,120,2004,"Action, Crime, Drama, Thriller",452039,2004-08-06,"Michael Mann"
61,tt0120601,2013-04-03,2013-04-03,,"Being John Malkovich","Being John Malkovich",https://www.imdb.com/title/tt0120601/,Movie,7.7,113,1999,"Comedy, Drama, Fantasy",363039,1999-12-03,"Spike Jonze"
62,tt0118715,2013-04-03,2013-04-03,,"The Big Lebowski","The Big Lebowski",https://www.imdb.com/title/tt0118715/,Movie,8.1,117,1998,"Comedy, Crime",893691,1998-03-06,"Joel Coen, Ethan Coen"
63,tt0482571,2013-04-03,2013-04-03,,"The Prestige","The Prestige",https://www.imdb.com/title/tt0482571/,Movie,8.5,130,2006,"Drama, Mystery, Sci-Fi, Thriller",1522677,2006-10-20,"Christopher Nolan"
64,tt1403865,2013-04-03,2013-04-03,,"True Grit","True Grit",https://www.imdb.com/title/tt1403865/,Movie,7.6,110,2010,"Drama, Western",368073,2010-12-22,"Ethan Coen, Joel Coen"
65,tt0099685,2013-04-03,2013-04-03,,"Goodfellas","GoodFellas",https://www.imdb.com/title/tt0099685/,Movie,8.7,145,1990,"Biography, Crime, Drama",1333666,1990-09-21,"Martin Scorsese"
66,tt0119217,2013-04-03,2013-04-03,,"Good Will Hunting","Good Will Hunting",https://www.imdb.com/title/tt0119217/,Movie,8.3,126,1997,"Drama, Romance",1144452,1998-01-09,"Gus Van Sant"
67,tt0167404,2013-04-03,2013-04-03,,"The Sixth Sense","The Sixth Sense",https://www.imdb.com/title/tt0167404/,Movie,8.2,107,1999,"Drama, Mystery, Thriller",1104230,1999-08-06,"M. Night Shyamalan"
68,tt0289765,2013-04-03,2013-04-03,,"Red Dragon","Red Dragon",https://www.imdb.com/title/tt0289765/,Movie,7.2,124,2002,"Crime, Drama, Thriller",303874,2002-10-04,"Brett Ratner"
69,tt0112573,2013-04-03,2013-04-03,,"Braveheart","Braveheart",https://www.imdb.com/title/tt0112573/,Movie,8.3,178,1995,"Biography, Drama, War",1133277,1995-05-24,"Mel Gibson"
70,tt0840361,2013-04-03,2013-04-03,,"The Town","The Town",https://www.imdb.com/title/tt0840361/,Movie,7.5,125,2010,"Crime, Drama, Thriller",433484,2010-09-17,"Ben Affleck"
71,tt0081505,2013-04-03,2013-04-03,,"The Shining","The Shining",https://www.imdb.com/title/tt0081505/,Movie,8.4,146,1980,"Drama, Horror",1172644,1980-06-13,"Stanley Kubrick"
72,tt0443543,2013-04-03,2013-04-03,,"The Illusionist","The Illusionist",https://www.imdb.com/title/tt0443543/,Movie,7.5,110,2006,"Drama, Fantasy, Mystery, Romance, Thriller",398120,2006-09-01,"Neil Burger"
73,tt0443453,2013-04-03,2013-04-03,,"Borat","Borat: Cultural Learnings of America for Make Benefit Glorious Nation of Kazakhstan",https://www.imdb.com/title/tt0443453/,Movie,7.4,84,2006,"Comedy",462018,2006-11-03,"Larry Charles"
74,tt0103639,2013-04-03,2013-04-03,,"Aladdin","Aladdin",https://www.imdb.com/title/tt0103639/,Movie,8.0,90,1992,"Animation, Adventure, Comedy, Family, Fantasy, Musical, Romance",488102,1992-11-25,"Ron Clements, John Musker"
75,tt0120693,2013-04-04,2013-04-04,,"Half Baked","Half Baked",https://www.imdb.com/title/tt0120693/,Movie,6.6,82,1998,"Comedy, Crime",69705,1998-01-16,"Tamra Davis"
76,tt0457430,2013-04-03,2013-04-03,,"Pan's Labyrinth","El laberinto del fauno",https://www.imdb.com/title/tt0457430/,Movie,8.2,118,2006,"Drama, Fantasy, War",727311,2007-01-19,"Guillermo del Toro"
77,tt0266452,2013-04-04,2013-04-04,,"Death to Smoochy","Death to Smoochy",https://www.imdb.com/title/tt0266452/,Movie,6.3,109,2002,"Comedy, Crime, Drama, Thriller",43769,2002-03-29,"Danny DeVito"
78,tt0112641,2013-04-03,2013-04-03,,"Casino","Casino",https://www.imdb.com/title/tt0112641/,Movie,8.2,178,1995,"Crime, Drama",595739,1995-11-22,"Martin Scorsese"
79,tt0209144,2013-04-03,2013-04-03,,"Memento","Memento",https://www.imdb.com/title/tt0209144/,Movie,8.4,113,2000,"Mystery, Thriller",1385048,2001-05-25,"Christopher Nolan"
80,tt0120338,2013-04-03,2013-04-03,,"Titanic","Titanic",https://www.imdb.com/title/tt0120338/,Movie,7.9,194,1997,"Drama, Romance",1344624,1997-12-19,"James Cameron"
81,tt0382625,2013-04-03,2013-04-03,,"The Da Vinci Code","The Da Vinci Code",https://www.imdb.com/title/tt0382625/,Movie,6.6,149,2006,"Mystery, Thriller",474291,2006-05-19,"Ron Howard"
82,tt0796366,2013-04-03,2013-04-03,,"Star Trek","Star Trek",https://www.imdb.com/title/tt0796366/,Movie,7.9,127,2009,"Action, Adventure, Sci-Fi",630438,2009-05-08,"J.J. Abrams"
83,tt0387564,2013-04-03,2013-04-03,,"Saw","Saw",https://www.imdb.com/title/tt0387564/,Movie,7.6,103,2004,"Horror, Mystery, Thriller",492014,2004-10-29,"James Wan"
84,tt0169547,2013-04-03,2013-04-03,,"American Beauty","American Beauty",https://www.imdb.com/title/tt0169547/,Movie,8.3,122,1999,"Drama",1252757,1999-10-01,"Sam Mendes"
85,tt0071562,2013-04-03,2013-04-03,,"The Godfather Part II","The Godfather Part II",https://www.imdb.com/title/tt0071562/,Movie,9.0,202,1974,"Crime, Drama",1437743,1974-12-18,"Francis Ford Coppola"
86,tt0405422,2013-04-03,2013-04-03,,"The 40-Year-Old Virgin","The 40 Year Old Virgin",https://www.imdb.com/title/tt0405422/,Movie,7.1,116,2005,"Comedy, Romance",487001,2005-08-19,"Judd Apatow"
87,tt0181689,2013-04-03,2013-04-03,,"Minority Report","Minority Report",https://www.imdb.com/title/tt0181689/,Movie,7.6,145,2002,"Action, Crime, Mystery, Sci-Fi, Thriller",604835,2002-06-21,"Steven Spielberg"
88,tt0245686,2013-04-04,2013-04-04,,"Joe Dirt","Joe Dirt",https://www.imdb.com/title/tt0245686/,Movie,6.0,91,2001,"Adventure, Comedy, Drama",63633,2001-04-11,"Dennie Gordon"
89,tt0499549,2013-04-03,2013-04-03,,"Avatar","Avatar",https://www.imdb.com/title/tt0499549/,Movie,7.9,162,2009,"Action, Adventure, Fantasy, Sci-Fi",1435229,2009-12-18,"James Cameron"
90,tt0328107,2013-04-03,2013-04-03,,"Man on Fire","Man on Fire",https://www.imdb.com/title/tt0328107/,Movie,7.7,146,2004,"Action, Crime, Drama, Thriller",404725,2004-04-23,"Tony Scott"
91,tt0103064,2013-04-03,2013-04-03,,"Terminator 2: Judgment Day","Terminator 2: Judgment Day",https://www.imdb.com/title/tt0103064/,Movie,8.6,137,1991,"Action, Adventure, Sci-Fi",1238639,1991-07-03,"James Cameron"
92,tt0208092,2013-04-03,2013-04-03,,"Snatch","Snatch",https://www.imdb.com/title/tt0208092/,Movie,8.2,102,2000,"Comedy, Crime",949650,2001-01-19,"Guy Ritchie"
93,tt0118708,2013-04-04,2013-04-04,,"Beverly Hills Ninja","Beverly Hills Ninja",https://www.imdb.com/title/tt0118708/,Movie,5.6,88,1997,"Action, Comedy",45512,1997-01-17,"Dennis Dugan"
94,tt0091763,2013-04-03,2013-04-03,,"Platoon","Platoon",https://www.imdb.com/title/tt0091763/,Movie,8.1,120,1986,"Drama, War",458170,1987-02-06,"Oliver Stone"
95,tt0272020,2013-04-03,2013-04-03,,"The Last Castle","The Last Castle",https://www.imdb.com/title/tt0272020/,Movie,6.9,131,2001,"Action, Drama, Thriller",87816,2001-10-19,"Rod Lurie"
96,tt0453467,2013-04-03,2013-04-03,,"Deja Vu","Deja Vu",https://www.imdb.com/title/tt0453467/,Movie,7.1,126,2006,"Action, Crime, Sci-Fi, Thriller",338514,2006-11-22,"Tony Scott"
97,tt0114814,2013-04-03,2013-04-03,,"The Usual Suspects","The Usual Suspects",https://www.imdb.com/title/tt0114814/,Movie,8.5,106,1995,"Crime, Drama, Mystery, Thriller",1194630,1995-08-16,"Bryan Singer"
98,tt0332452,2013-04-03,2013-04-03,,"Troy","Troy",https://www.imdb.com/title/tt0332452/,Movie,7.3,163,2004,"Action, Adventure, Drama",595870,2004-05-14,"Wolfgang Petersen"
99,tt0362270,2013-04-03,2013-04-03,,"The Life Aquatic with Steve Zissou","The Life Aquatic with Steve Zissou",https://www.imdb.com/title/tt0362270/,Movie,7.2,119,2004,"Action, Adventure, Comedy, Drama, Romance",216947,2004-12-25,"Wes Anderson"
100,tt0097815,2013-04-04,2013-04-04,,"Major League","Major League",https://www.imdb.com/title/tt0097815/,Movie,7.2,107,1989,"Comedy, Sport",80136,1989-04-07,"David S. Ward"
101,tt0076723,2013-04-04,2013-04-04,,"Slap Shot","Slap Shot",https://www.imdb.com/title/tt0076723/,Movie,7.2,123,1977,"Comedy, Drama, Sport",43624,1977-02-25,"George Roy Hill"
102,tt0240772,2013-04-04,2013-04-04,,"Ocean's Eleven","Ocean's Eleven",https://www.imdb.com/title/tt0240772/,Movie,7.7,116,2001,"Crime, Thriller",650063,2001-12-07,"Steven Soderbergh"
103,tt0425210,2013-04-03,2013-04-03,,"Lucky Number Slevin","Lucky Number Slevin",https://www.imdb.com/title/tt0425210/,Movie,7.7,110,2006,"Crime, Drama, Thriller",333474,2006-04-07,"Paul McGuigan"
104,tt1323594,2013-04-04,2013-04-04,,"Despicable Me","Despicable Me",https://www.imdb.com/title/tt1323594/,Movie,7.6,95,2010,"Animation, Adventure, Comedy, Crime, Family, Sci-Fi",612650,2010-07-09,"Pierre Coffin, Chris Renaud"
105,tt0258463,2013-04-04,2013-04-04,,"The Bourne Identity","The Bourne Identity",https://www.imdb.com/title/tt0258463/,Movie,7.8,119,2002,"Action, Mystery, Thriller",596746,2002-06-14,"Doug Liman"
106,tt0289992,2013-04-03,2013-04-03,,"The Life of David Gale","The Life of David Gale",https://www.imdb.com/title/tt0289992/,Movie,7.5,130,2003,"Crime, Drama, Mystery, Thriller",129790,2003-02-21,"Alan Parker"
107,tt0325710,2013-04-03,2013-04-03,,"The Last Samurai","The Last Samurai",https://www.imdb.com/title/tt0325710/,Movie,7.8,154,2003,"Action, Drama",491124,2003-12-05,"Edward Zwick"
108,tt0298130,2013-04-10,2013-04-10,,"The Ring","The Ring",https://www.imdb.com/title/tt0298130/,Movie,7.1,115,2002,"Horror, Mystery",390981,2002-10-18,"Gore Verbinski"
109,tt0372784,2013-04-10,2013-04-10,,"Batman Begins","Batman Begins",https://www.imdb.com/title/tt0372784/,Movie,8.2,140,2005,"Action, Crime, Drama, Thriller",1653348,2005-06-15,"Christopher Nolan"
110,tt0213149,2013-04-03,2013-04-03,,"Pearl Harbor","Pearl Harbor",https://www.imdb.com/title/tt0213149/,Movie,6.3,183,2001,"Action, Drama, Romance, War",362129,2001-05-25,"Michael Bay"
111,tt0405159,2013-04-03,2013-04-03,,"Million Dollar Baby","Million Dollar Baby",https://www.imdb.com/title/tt0405159/,Movie,8.1,132,2004,"Drama, Sport",748824,2005-01-28,"Clint Eastwood"
112,tt0824747,2013-04-03,2013-04-03,,"Changeling","Changeling",https://www.imdb.com/title/tt0824747/,Movie,7.7,141,2008,"Biography, Crime, Drama, History, Mystery, Thriller",271277,2008-10-31,"Clint Eastwood"
113,tt0128442,2013-04-03,2013-04-03,,"Rounders","Rounders",https://www.imdb.com/title/tt0128442/,Movie,7.3,121,1998,"Crime, Drama",164984,1998-09-11,"John Dahl"
114,tt0381061,2013-04-03,2013-04-03,,"Casino Royale","Casino Royale",https://www.imdb.com/title/tt0381061/,Movie,8.0,144,2006,"Action, Adventure, Thriller",720310,2006-11-17,"Martin Campbell"
115,tt0190138,2013-04-03,2013-04-03,,"The Whole Nine Yards","The Whole Nine Yards",https://www.imdb.com/title/tt0190138/,Movie,6.7,98,2000,"Comedy, Crime",132985,2000-02-18,"Jonathan Lynn"
116,tt0211465,2013-04-03,2013-04-03,,"Knockaround Guys","Knockaround Guys",https://www.imdb.com/title/tt0211465/,Movie,6.1,92,2001,"Crime, Drama, Thriller",25402,2002-10-11,"Brian Koppelman, David Levien"
117,tt0112281,2013-04-04,2013-04-04,,"Ace Ventura: When Nature Calls","Ace Ventura: When Nature Calls",https://www.imdb.com/title/tt0112281/,Movie,6.4,90,1995,"Adventure, Comedy, Crime",242706,1995-11-10,"Steve Oedekerk"
118,tt0187393,2013-04-03,2013-04-03,,"The Patriot","The Patriot",https://www.imdb.com/title/tt0187393/,Movie,7.2,165,2000,"Action, Drama, History, War",304845,2000-06-28,"Roland Emmerich"
119,tt0089218,2013-04-03,2013-04-03,,"The Goonies","The Goonies",https://www.imdb.com/title/tt0089218/,Movie,7.7,114,1985,"Adventure, Comedy, Family",314841,1985-06-07,"Richard Donner"
120,tt0117500,2013-04-04,2013-04-04,,"The Rock","The Rock",https://www.imdb.com/title/tt0117500/,Movie,7.4,136,1996,"Action, Adventure, Thriller",371063,1996-06-07,"Michael Bay"
121,tt0307987,2013-04-03,2013-04-03,,"Bad Santa","Bad Santa",https://www.imdb.com/title/tt0307987/,Movie,7.0,92,2003,"Comedy, Crime, Drama",161819,2003-11-26,"Terry Zwigoff"
122,tt0120735,2013-04-03,2013-04-03,,"Lock, Stock and Two Smoking Barrels","Lock, Stock and Two Smoking Barrels",https://www.imdb.com/title/tt0120735/,Movie,8.1,107,1998,"Comedy, Crime",637086,1998-08-28,"Guy Ritchie"
123,tt0151804,2013-04-03,2013-04-03,,"Office Space","Office Space",https://www.imdb.com/title/tt0151804/,Movie,7.6,89,1999,"Comedy",300209,1999-02-19,"Mike Judge"
124,tt0371746,2013-04-03,2013-04-03,,"Iron Man","Iron Man",https://www.imdb.com/title/tt0371746/,Movie,7.9,126,2008,"Action, Adventure, Sci-Fi",1179195,2008-05-02,"Jon Favreau"
125,tt0119395,2013-04-03,2013-04-03,,"The Jackal","The Jackal",https://www.imdb.com/title/tt0119395/,Movie,6.4,124,1997,"Action, Crime, Drama, Thriller",129294,1997-11-14,"Michael Caton-Jones"
126,tt0325980,2013-04-03,2013-04-03,,"Pirates of the Caribbean: The Curse of the Black Pearl","Pirates of the Caribbean: The Curse of the Black Pearl",https://www.imdb.com/title/tt0325980/,Movie,8.1,143,2003,"Action, Adventure, Fantasy",1272721,2003-07-09,"Gore Verbinski"
127,tt0128278,2013-04-03,2013-04-03,,"Instinct","Instinct",https://www.imdb.com/title/tt0128278/,Movie,6.5,126,1999,"Drama, Thriller",34964,1999-06-04,"Jon Turteltaub"
128,tt0829482,2013-04-03,2013-04-03,,"Superbad","Superbad",https://www.imdb.com/title/tt0829482/,Movie,7.6,113,2007,"Comedy",667170,2007-08-17,"Greg Mottola"
129,tt0110357,2013-04-03,2013-04-03,,"The Lion King","The Lion King",https://www.imdb.com/title/tt0110357/,Movie,8.5,88,1994,"Animation, Adventure, Drama, Family, Musical",1209456,1994-06-24,"Roger Allers, Rob Minkoff"
130,tt0177789,2013-04-03,2013-04-03,,"Galaxy Quest","Galaxy Quest",https://www.imdb.com/title/tt0177789/,Movie,7.4,102,1999,"Adventure, Comedy, Sci-Fi",186441,1999-12-25,"Dean Parisot"
131,tt0319343,2013-04-03,2013-04-03,,"Elf","Elf",https://www.imdb.com/title/tt0319343/,Movie,7.1,97,2003,"Adventure, Comedy, Family, Fantasy, Romance",330540,2003-11-07,"Jon Favreau"
132,tt0086250,2013-04-03,2013-04-03,,"Scarface","Scarface",https://www.imdb.com/title/tt0086250/,Movie,8.3,170,1983,"Crime, Drama",971772,1983-12-09,"Brian De Palma"
133,tt0117060,2013-04-03,2013-04-03,,"Mission: Impossible","Mission: Impossible",https://www.imdb.com/title/tt0117060/,Movie,7.2,110,1996,"Action, Adventure, Thriller",500309,1996-05-22,"Brian De Palma"
134,tt0212338,2013-04-03,2013-04-03,,"Meet the Parents","Meet the Parents",https://www.imdb.com/title/tt0212338/,Movie,7.0,108,2000,"Comedy, Romance",369206,2000-10-06,"Jay Roach"
135,tt0488120,2013-04-03,2013-04-03,,"Fracture","Fracture",https://www.imdb.com/title/tt0488120/,Movie,7.2,113,2007,"Crime, Drama, Thriller",228000,2007-04-20,"Gregory Hoblit"
136,tt0421073,2013-04-03,2013-04-03,,"Street Kings","Street Kings",https://www.imdb.com/title/tt0421073/,Movie,6.8,109,2008,"Action, Crime, Thriller",124368,2008-04-11,"David Ayer"
137,tt0107614,2013-04-04,2013-04-04,,"Mrs. Doubtfire","Mrs. Doubtfire",https://www.imdb.com/title/tt0107614/,Movie,7.1,125,1993,"Comedy, Drama, Family",305539,1993-11-24,"Chris Columbus"
138,tt0120903,2013-04-04,2013-04-04,,"X-Men","X-Men",https://www.imdb.com/title/tt0120903/,Movie,7.3,104,2000,"Action, Adventure, Sci-Fi",675588,2000-07-14,"Bryan Singer"
139,tt0110364,2013-04-04,2013-04-04,,"Little Giants","Little Giants",https://www.imdb.com/title/tt0110364/,Movie,6.5,107,1994,"Comedy, Family, Sport",32183,1994-10-14,"Duwayne Dunham"
140,tt0117218,2013-04-04,2013-04-04,,"The Nutty Professor","The Nutty Professor",https://www.imdb.com/title/tt0117218/,Movie,5.7,95,1996,"Comedy, Romance, Sci-Fi",128074,1996-06-28,"Tom Shadyac"
141,tt0067992,2013-04-04,2013-04-04,,"Willy Wonka & the Chocolate Factory","Willy Wonka & the Chocolate Factory",https://www.imdb.com/title/tt0067992/,Movie,7.8,100,1971,"Adventure, Comedy, Family, Fantasy, Musical",237935,1971-06-30,"Mel Stuart"
142,tt0361748,2013-04-03,2013-04-03,,"Inglourious Basterds","Inglourious Basterds",https://www.imdb.com/title/tt0361748/,Movie,8.4,153,2009,"Adventure, Drama, War",1693399,2009-08-21,"Quentin Tarantino"
143,tt0431197,2013-04-03,2013-04-03,,"The Kingdom","The Kingdom",https://www.imdb.com/title/tt0431197/,Movie,7.0,110,2007,"Action, Drama, Thriller",135309,2007-09-28,"Peter Berg"
144,tt0278504,2013-04-03,2013-04-03,,"Insomnia","Insomnia",https://www.imdb.com/title/tt0278504/,Movie,7.2,118,2002,"Drama, Mystery, Thriller",331125,2002-05-24,"Christopher Nolan"
145,tt0106977,2013-04-03,2013-04-03,,"The Fugitive","The Fugitive",https://www.imdb.com/title/tt0106977/,Movie,7.8,130,1993,"Action, Crime, Drama, Mystery, Thriller",334868,1993-08-06,"Andrew Davis"
146,tt0191397,2013-04-03,2013-04-03,,"The Replacements","The Replacements",https://www.imdb.com/title/tt0191397/,Movie,6.6,118,2000,"Comedy, Sport",72386,2000-08-11,"Howard Deutch"
147,tt0247745,2013-04-04,2013-04-04,,"Super Troopers","Super Troopers",https://www.imdb.com/title/tt0247745/,Movie,7.0,100,2001,"Comedy, Crime, Mystery",116439,2002-02-15,"Jay Chandrasekhar"
148,tt0091042,2013-04-03,2013-04-03,,"Ferris Bueller's Day Off","Ferris Bueller's Day Off",https://www.imdb.com/title/tt0091042/,Movie,7.8,103,1986,"Comedy",404142,1986-06-11,"John Hughes"
149,tt0454848,2013-04-03,2013-04-03,,"Inside Man","Inside Man",https://www.imdb.com/title/tt0454848/,Movie,7.6,129,2006,"Crime, Drama, Mystery, Thriller",414839,2006-03-24,"Spike Lee"
150,tt0848228,2013-04-10,2013-04-10,,"The Avengers","The Avengers",https://www.imdb.com/title/tt0848228/,Movie,8.0,143,2012,"Action, Sci-Fi",1514042,2012-05-04,"Joss Whedon"
151,tt0164334,2013-04-03,2013-04-03,,"Along Came a Spider","Along Came a Spider",https://www.imdb.com/title/tt0164334/,Movie,6.4,104,2001,"Crime, Drama, Mystery, Thriller",99512,2001-04-06,"Lee Tamahori"
152,tt0094226,2013-04-03,2013-04-03,,"The Untouchables","The Untouchables",https://www.imdb.com/title/tt0094226/,Movie,7.8,119,1987,"Crime, Drama, Thriller",344869,1987-06-03,"Brian De Palma"
153,tt0111257,2013-04-03,2013-04-03,,"Speed","Speed",https://www.imdb.com/title/tt0111257/,Movie,7.3,116,1994,"Action, Adventure, Thriller",410397,1994-06-10,"Jan de Bont"
154,tt0187078,2013-04-03,2013-04-03,,"Gone in 60 Seconds","Gone in Sixty Seconds",https://www.imdb.com/title/tt0187078/,Movie,6.5,118,2000,"Action, Crime, Thriller",303851,2000-06-09,"Dominic Sena"
155,tt0808151,2013-04-03,2013-04-03,,"Angels & Demons","Angels & Demons",https://www.imdb.com/title/tt0808151/,Movie,6.7,138,2009,"Mystery, Thriller",319123,2009-05-15,"Ron Howard"
156,tt0120655,2013-04-04,2013-04-04,,"Dogma","Dogma",https://www.imdb.com/title/tt0120655/,Movie,7.3,130,1999,"Adventure, Comedy, Drama, Fantasy",235527,1999-11-12,"Kevin Smith"
157,tt0108037,2013-04-04,2013-04-04,,"The Sandlot","The Sandlot",https://www.imdb.com/title/tt0108037/,Movie,7.8,101,1993,"Comedy, Drama, Family, Sport",109144,1993-04-07,"David Mickey Evans"
158,tt0119654,2013-04-03,2013-04-03,,"Men in Black","Men in Black",https://www.imdb.com/title/tt0119654/,Movie,7.3,98,1997,"Action, Adventure, Comedy, Sci-Fi",642589,1997-07-02,"Barry Sonnenfeld"
159,tt0272207,2013-04-03,2013-04-03,,"Narc","Narc",https://www.imdb.com/title/tt0272207/,Movie,7.1,105,2002,"Crime, Drama, Mystery, Thriller",44476,2003-01-10,"Joe Carnahan"
160,tt0119099,2013-04-03,2013-04-03,,"Fallen","Fallen",https://www.imdb.com/title/tt0119099/,Movie,7.0,124,1998,"Action, Crime, Drama, Fantasy, Mystery, Thriller",98330,1998-01-16,"Gregory Hoblit"
161,tt0456554,2013-04-04,2013-04-04,,"Grandma's Boy","Grandma's Boy",https://www.imdb.com/title/tt0456554/,Movie,6.9,94,2006,"Comedy",91253,2006-01-06,"Nicholaus Goossen"
162,tt0473705,2013-04-03,2013-04-03,,"State of Play","State of Play",https://www.imdb.com/title/tt0473705/,Movie,7.1,127,2009,"Crime, Drama, Mystery, Thriller",164262,2009-04-17,"Kevin Macdonald"
163,tt0372183,2013-04-03,2013-04-03,,"The Bourne Supremacy","The Bourne Supremacy",https://www.imdb.com/title/tt0372183/,Movie,7.7,108,2004,"Action, Thriller",501534,2004-07-23,"Paul Greengrass"
164,tt0102685,2013-04-03,2013-04-03,,"Point Break","Point Break",https://www.imdb.com/title/tt0102685/,Movie,7.3,122,1991,"Action, Crime, Thriller",215142,1991-07-12,"Kathryn Bigelow"
165,tt0936501,2013-04-03,2013-04-03,,"Taken","Taken",https://www.imdb.com/title/tt0936501/,Movie,7.7,90,2008,"Action, Crime, Thriller",657283,2009-01-30,"Pierre Morel"
166,tt0094737,2013-04-03,2013-04-03,,"Big","Big",https://www.imdb.com/title/tt0094737/,Movie,7.3,104,1988,"Comedy, Drama, Fantasy, Romance",251165,1988-06-03,"Penny Marshall"
167,tt0289879,2013-04-03,2013-04-03,,"The Butterfly Effect","The Butterfly Effect",https://www.imdb.com/title/tt0289879/,Movie,7.6,113,2004,"Drama, Sci-Fi, Thriller",542226,2004-01-23,"Eric Bress, J. Mackye Gruber"
168,tt0239948,2013-04-04,2013-04-04,,"Saving Silverman","Saving Silverman",https://www.imdb.com/title/tt0239948/,Movie,5.9,90,2001,"Comedy, Crime, Romance",44361,2001-02-09,"Dennis Dugan"
169,tt0880578,2013-04-03,2013-04-03,,"Untraceable","Untraceable",https://www.imdb.com/title/tt0880578/,Movie,6.2,101,2008,"Crime, Mystery, Thriller",54111,2008-01-25,"Gregory Hoblit"
170,tt0407304,2013-04-04,2013-04-04,,"War of the Worlds","War of the Worlds",https://www.imdb.com/title/tt0407304/,Movie,6.6,117,2005,"Action, Adventure, Sci-Fi",492328,2005-06-29,"Steven Spielberg"
171,tt0434409,2013-04-03,2013-04-03,,"V for Vendetta","V for Vendetta",https://www.imdb.com/title/tt0434409/,Movie,8.1,132,2005,"Action, Drama, Sci-Fi, Thriller",1218603,2006-03-17,"James McTeigue"
172,tt0120591,2013-04-03,2013-04-03,,"Armageddon","Armageddon",https://www.imdb.com/title/tt0120591/,Movie,6.7,151,1998,"Action, Adventure, Sci-Fi, Thriller",467674,1998-07-01,"Michael Bay"
173,tt0117913,2013-04-03,2013-04-03,,"A Time to Kill","A Time to Kill",https://www.imdb.com/title/tt0117913/,Movie,7.5,149,1996,"Crime, Drama, Thriller",191137,1996-07-24,"Joel Schumacher"
174,tt0112722,2013-04-04,2013-04-04,,"Copycat","Copycat",https://www.imdb.com/title/tt0112722/,Movie,6.6,123,1995,"Drama, Mystery, Thriller",74412,1995-10-27,"Jon Amiel"
175,tt0162222,2013-04-03,2013-04-03,,"Cast Away","Cast Away",https://www.imdb.com/title/tt0162222/,Movie,7.8,143,2000,"Adventure, Drama, Romance",668631,2000-12-22,"Robert Zemeckis"
176,tt1345836,2013-04-03,2013-04-03,,"The Dark Knight Rises","The Dark Knight Rises",https://www.imdb.com/title/tt1345836/,Movie,8.4,164,2012,"Action, Crime, Drama, Thriller",1921270,2012-07-20,"Christopher Nolan"
177,tt0094812,2013-04-04,2013-04-04,,"Bull Durham","Bull Durham",https://www.imdb.com/title/tt0094812/,Movie,7.0,108,1988,"Comedy, Romance, Sport",62220,1988-06-15,"Ron Shelton"
178,tt0277434,2013-04-03,2013-04-03,,"We Were Soldiers","We Were Soldiers",https://www.imdb.com/title/tt0277434/,Movie,7.2,138,2002,"Action, Drama, History, War",156197,2002-03-01,"Randall Wallace"
179,tt0251075,2013-04-03,2013-04-03,,"Evolution","Evolution",https://www.imdb.com/title/tt0251075/,Movie,6.1,101,2001,"Comedy, Sci-Fi",139888,2001-06-08,"Ivan Reitman"
180,tt0443272,2013-04-04,2013-04-04,,"Lincoln","Lincoln",https://www.imdb.com/title/tt0443272/,Movie,7.3,150,2012,"Biography, Drama, History, War",279543,2012-11-16,"Steven Spielberg"
181,tt0120689,2013-04-03,2013-04-03,,"The Green Mile","The Green Mile",https://www.imdb.com/title/tt0120689/,Movie,8.6,189,1999,"Crime, Drama, Fantasy, Mystery",1493855,1999-12-10,"Frank Darabont"
182,tt0373469,2013-04-04,2013-04-04,,"Kiss Kiss Bang Bang","Kiss Kiss Bang Bang",https://www.imdb.com/title/tt0373469/,Movie,7.5,103,2005,"Comedy, Crime, Mystery, Thriller",244679,2005-11-11,"Shane Black"
183,tt0261392,2013-04-04,2013-04-04,,"Jay and Silent Bob Strike Back","Jay and Silent Bob Strike Back",https://www.imdb.com/title/tt0261392/,Movie,6.8,104,2001,"Comedy",164339,2001-08-24,"Kevin Smith"
184,tt0163651,2013-04-03,2013-04-03,,"American Pie","American Pie",https://www.imdb.com/title/tt0163651/,Movie,7.0,95,1999,"Comedy",453608,1999-07-09,"Paul Weitz"
185,tt0134618,2013-04-04,2013-04-04,,"Mystery, Alaska","Mystery, Alaska",https://www.imdb.com/title/tt0134618/,Movie,6.7,119,1999,"Comedy, Drama, Sport",29128,1999-10-01,"Jay Roach"
186,tt0800369,2013-04-04,2013-04-04,,"Thor","Thor",https://www.imdb.com/title/tt0800369/,Movie,7.0,115,2011,"Action, Fantasy",937137,2011-05-06,"Kenneth Branagh"
187,tt1231583,2013-04-04,2013-04-04,,"Due Date","Due Date",https://www.imdb.com/title/tt1231583/,Movie,6.5,95,2010,"Comedy, Drama",365903,2010-11-05,"Todd Phillips"
188,tt0113497,2013-04-04,2013-04-04,,"Jumanji","Jumanji",https://www.imdb.com/title/tt0113497/,Movie,7.1,104,1995,"Adventure, Comedy, Family, Fantasy",398055,1995-12-15,"Joe Johnston"
189,tt0207201,2013-04-04,2013-04-04,,"What Women Want","What Women Want",https://www.imdb.com/title/tt0207201/,Movie,6.5,127,2000,"Comedy, Fantasy, Romance",231870,2000-12-15,"Nancy Meyers"
190,tt0302886,2013-04-04,2013-04-04,,"Old School","Old School",https://www.imdb.com/title/tt0302886/,Movie,7.0,88,2003,"Comedy",251343,2003-02-21,"Todd Phillips"
191,tt0139654,2013-04-04,2013-04-04,,"Training Day","Training Day",https://www.imdb.com/title/tt0139654/,Movie,7.8,122,2001,"Crime, Drama, Thriller",498232,2001-10-05,"Antoine Fuqua"
192,tt0092099,2013-04-04,2013-04-04,,"Top Gun","Top Gun",https://www.imdb.com/title/tt0092099/,Movie,7.0,109,1986,"Action, Drama",531378,1986-05-16,"Tony Scott"
193,tt0113118,2013-04-04,2013-04-04,,"Friday","Friday",https://www.imdb.com/title/tt0113118/,Movie,7.2,91,1995,"Comedy, Drama",132174,1995-04-26,"F. Gary Gray"
194,tt0093058,2013-04-03,2013-04-03,,"Full Metal Jacket","Full Metal Jacket",https://www.imdb.com/title/tt0093058/,Movie,8.2,116,1987,"Drama, War",825494,1987-07-10,"Stanley Kubrick"
195,tt0246578,2013-04-03,2013-04-03,,"Donnie Darko","Donnie Darko",https://www.imdb.com/title/tt0246578/,Movie,8.0,113,2001,"Drama, Mystery, Sci-Fi, Thriller",885634,2001-01-19,"Richard Kelly"
196,tt0120654,2013-04-04,2013-04-04,,"Dirty Work","Dirty Work",https://www.imdb.com/title/tt0120654/,Movie,6.4,82,1998,"Comedy",31931,1998-06-12,"Bob Saget"
197,tt0418279,2013-04-03,2013-04-03,,"Transformers","Transformers",https://www.imdb.com/title/tt0418279/,Movie,7.1,144,2007,"Action, Adventure, Sci-Fi",699386,2007-07-03,"Michael Bay"
198,tt0375679,2013-04-03,2013-04-03,,"Crash","Crash",https://www.imdb.com/title/tt0375679/,Movie,7.7,112,2004,"Crime, Drama, Thriller",456402,2005-05-06,"Paul Haggis"
199,tt0120616,2013-04-04,2013-04-04,,"The Mummy","The Mummy",https://www.imdb.com/title/tt0120616/,Movie,7.1,124,1999,"Action, Adventure, Fantasy",484219,1999-05-07,"Stephen Sommers"
200,tt0395584,2013-04-04,2013-04-04,,"The Devil's Rejects","The Devil's Rejects",https://www.imdb.com/title/tt0395584/,Movie,6.7,107,2005,"Crime, Drama, Horror, Western",108929,2005-07-22,"Rob Zombie"
201,tt0109068,2013-04-04,2013-04-04,,"Airheads","Airheads",https://www.imdb.com/title/tt0109068/,Movie,6.2,92,1994,"Comedy, Crime, Music",58281,1994-08-05,"Michael Lehmann"
202,tt0209163,2013-04-04,2013-04-04,,"The Mummy Returns","The Mummy Returns",https://www.imdb.com/title/tt0209163/,Movie,6.4,130,2001,"Action, Adventure, Fantasy, Thriller",358776,2001-05-04,"Stephen Sommers"
203,tt0080120,2013-04-04,2013-04-04,,"The Warriors","The Warriors",https://www.imdb.com/title/tt0080120/,Movie,7.5,93,1979,"Action, Crime, Thriller",116025,1979-02-09,"Walter Hill"
204,tt0365485,2013-04-04,2013-04-04,,"The Matador","The Matador",https://www.imdb.com/title/tt0365485/,Movie,6.7,96,2005,"Comedy, Crime, Thriller",47153,2006-01-27,"Richard Shepard"
205,tt0221027,2013-04-04,2013-04-04,,"Blow","Blow",https://www.imdb.com/title/tt0221027/,Movie,7.5,124,2001,"Biography, Crime, Drama",282581,2001-04-06,"Ted Demme"
206,tt0093773,2013-04-04,2013-04-04,,"Predator","Predator",https://www.imdb.com/title/tt0093773/,Movie,7.8,107,1987,"Action, Adventure, Horror, Sci-Fi",479861,1987-06-12,"John McTiernan"
207,tt0091217,2013-04-04,2013-04-04,,"Hoosiers","Hoosiers",https://www.imdb.com/title/tt0091217/,Movie,7.4,114,1986,"Drama, Sport",55107,1987-02-27,"David Anspaugh"
208,tt0088763,2013-04-04,2013-04-04,,"Back to the Future","Back to the Future",https://www.imdb.com/title/tt0088763/,Movie,8.5,116,1985,"Adventure, Comedy, Sci-Fi",1385194,1985-07-03,"Robert Zemeckis"
209,tt0469494,2013-04-04,2013-04-04,,"There Will Be Blood","There Will Be Blood",https://www.imdb.com/title/tt0469494/,Movie,8.2,158,2007,"Drama",674468,2008-01-25,"Paul Thomas Anderson"
210,tt0113189,2013-04-04,2013-04-04,,"GoldenEye","GoldenEye",https://www.imdb.com/title/tt0113189/,Movie,7.2,130,1995,"Action, Adventure, Thriller",278227,1995-11-17,"Martin Campbell"
211,tt0360486,2013-04-04,2013-04-04,,"Constantine","Constantine",https://www.imdb.com/title/tt0360486/,Movie,7.0,121,2005,"Action, Fantasy, Horror, Mystery",395043,2005-02-18,"Francis Lawrence"
212,tt0184858,2013-04-04,2013-04-04,,"Reindeer Games","Reindeer Games",https://www.imdb.com/title/tt0184858/,Movie,5.8,104,2000,"Action, Crime, Thriller",43683,2000-02-25,"John Frankenheimer"
213,tt0156323,2013-04-04,2013-04-04,,"Screwed","Screwed",https://www.imdb.com/title/tt0156323/,Movie,5.7,81,2000,"Comedy, Crime",9823,2000-05-12,"Scott Alexander, Larry Karaszewski"
214,tt0116669,2013-04-04,2013-04-04,,"Jack","Jack",https://www.imdb.com/title/tt0116669/,Movie,5.8,113,1996,"Comedy, Drama, Fantasy",65896,1996-08-09,"Francis Ford Coppola"
215,tt0253556,2013-04-04,2013-04-04,,"Reign of Fire","Reign of Fire",https://www.imdb.com/title/tt0253556/,Movie,6.2,101,2002,"Action, Adventure, Fantasy, Thriller",149681,2002-07-12,"Rob Bowman"
216,tt0325805,2013-04-04,2013-04-04,,"Matchstick Men","Matchstick Men",https://www.imdb.com/title/tt0325805/,Movie,7.3,116,2003,"Comedy, Crime, Drama, Thriller",142529,2003-09-12,"Ridley Scott"
217,tt0420223,2013-04-04,2013-04-04,,"Stranger Than Fiction","Stranger Than Fiction",https://www.imdb.com/title/tt0420223/,Movie,7.5,113,2006,"Comedy, Drama, Fantasy, Romance",241401,2006-11-10,"Marc Forster"
218,tt0443274,2013-04-04,2013-04-04,,"Vantage Point","Vantage Point",https://www.imdb.com/title/tt0443274/,Movie,6.6,90,2008,"Action, Drama, Thriller",156072,2008-02-22,"Pete Travis"
219,tt0123964,2013-04-04,2013-04-04,,"Life","Life",https://www.imdb.com/title/tt0123964/,Movie,6.8,108,1999,"Comedy, Crime, Drama",58602,1999-04-16,"Ted Demme"
220,tt0244244,2013-04-04,2013-04-04,,"Swordfish","Swordfish",https://www.imdb.com/title/tt0244244/,Movie,6.5,99,2001,"Action, Crime, Thriller",200538,2001-06-08,"Dominic Sena"
221,tt0116695,2013-04-04,2013-04-04,,"Jerry Maguire","Jerry Maguire",https://www.imdb.com/title/tt0116695/,Movie,7.3,139,1996,"Comedy, Drama, Romance, Sport",300297,1996-12-13,"Cameron Crowe"
222,tt0120611,2013-04-04,2013-04-04,,"Blade","Blade",https://www.imdb.com/title/tt0120611/,Movie,7.1,120,1998,"Action, Horror, Sci-Fi",318879,1998-08-21,"Stephen Norrington"
223,tt0330793,2013-04-04,2013-04-04,,"The Punisher","The Punisher",https://www.imdb.com/title/tt0330793/,Movie,6.4,124,2004,"Action, Crime, Drama, Thriller",176631,2004-04-16,"Jonathan Hensleigh"
224,tt0368891,2013-04-04,2013-04-04,,"National Treasure","National Treasure",https://www.imdb.com/title/tt0368891/,Movie,6.9,131,2004,"Action, Adventure, Mystery, Thriller",368207,2004-11-19,"Jon Turteltaub"
225,tt0110478,2013-04-03,2013-04-03,,"Maverick","Maverick",https://www.imdb.com/title/tt0110478/,Movie,7.0,127,1994,"Action, Adventure, Comedy, Western",123278,1994-05-20,"Richard Donner"
226,tt0142342,2013-04-04,2013-04-04,,"Big Daddy","Big Daddy",https://www.imdb.com/title/tt0142342/,Movie,6.4,93,1999,"Comedy, Drama",244061,1999-06-25,"Dennis Dugan"
227,tt0415306,2013-04-04,2013-04-04,,"Talladega Nights: The Ballad of Ricky Bobby","Talladega Nights: The Ballad of Ricky Bobby",https://www.imdb.com/title/tt0415306/,Movie,6.6,108,2006,"Comedy, Sport",207866,2006-08-04,"Adam McKay"
228,tt0227445,2013-04-04,2013-04-04,,"The Score","The Score",https://www.imdb.com/title/tt0227445/,Movie,6.8,124,2001,"Crime, Drama, Thriller",140112,2001-07-13,"Frank Oz"
229,tt0450278,2013-04-04,2013-04-04,,"Hostel","Hostel",https://www.imdb.com/title/tt0450278/,Movie,5.9,94,2005,"Horror",199023,2006-01-06,"Eli Roth"
230,tt0440963,2013-04-04,2013-04-04,,"The Bourne Ultimatum","The Bourne Ultimatum",https://www.imdb.com/title/tt0440963/,Movie,8.0,115,2007,"Action, Mystery, Thriller",672828,2007-08-03,"Paul Greengrass"
231,tt0181865,2013-04-04,2013-04-04,,"Traffic","Traffic",https://www.imdb.com/title/tt0181865/,Movie,7.5,147,2000,"Crime, Drama, Thriller",225704,2001-01-05,"Steven Soderbergh"
232,tt0398165,2013-04-04,2013-04-04,,"The Longest Yard","The Longest Yard",https://www.imdb.com/title/tt0398165/,Movie,6.4,113,2005,"Comedy, Crime, Sport",203980,2005-05-27,"Peter Segal"
233,tt0477347,2013-04-04,2013-04-04,,"Night at the Museum","Night at the Museum",https://www.imdb.com/title/tt0477347/,Movie,6.5,108,2006,"Adventure, Comedy, Family, Fantasy",395244,2006-12-22,"Shawn Levy"
234,tt0111070,2013-04-04,2013-04-04,,"The Santa Clause","The Santa Clause",https://www.imdb.com/title/tt0111070/,Movie,6.6,97,1994,"Comedy, Drama, Family, Fantasy",141094,1994-11-11,"John Pasquin"
235,tt0120681,2013-04-04,2013-04-04,,"From Hell","From Hell",https://www.imdb.com/title/tt0120681/,Movie,6.7,122,2001,"Crime, Horror, Mystery, Thriller",168727,2001-10-19,"Albert Hughes, Allen Hughes"
236,tt0134847,2013-04-04,2013-04-04,,"Pitch Black","Pitch Black",https://www.imdb.com/title/tt0134847/,Movie,7.0,109,2000,"Horror, Sci-Fi, Thriller",259716,2000-02-18,"David Twohy"
237,tt0111503,2013-04-04,2013-04-04,,"True Lies","True Lies",https://www.imdb.com/title/tt0111503/,Movie,7.3,141,1994,"Action, Comedy, Thriller",292883,1994-07-15,"James Cameron"
238,tt0120142,2013-04-04,2013-04-04,,"The Sixth Man","The Sixth Man",https://www.imdb.com/title/tt0120142/,Movie,5.7,107,1997,"Comedy, Drama, Fantasy, Romance, Sport",6639,1997-03-28,"Randall Miller"
239,tt0118880,2013-04-04,2013-04-04,,"Con Air","Con Air",https://www.imdb.com/title/tt0118880/,Movie,6.9,115,1997,"Action, Crime, Thriller",331558,1997-06-06,"Simon West"
240,tt0112442,2013-04-04,2013-04-04,,"Bad Boys","Bad Boys",https://www.imdb.com/title/tt0112442/,Movie,6.8,119,1995,"Action, Comedy, Crime, Thriller",306644,1995-04-07,"Michael Bay"
241,tt0367479,2013-04-04,2013-04-04,,"After the Sunset","After the Sunset",https://www.imdb.com/title/tt0367479/,Movie,6.2,97,2004,"Action, Comedy, Crime, Drama",51076,2004-11-12,"Brett Ratner"
242,tt0145681,2013-04-03,2013-04-03,,"The Bone Collector","The Bone Collector",https://www.imdb.com/title/tt0145681/,Movie,6.7,118,1999,"Crime, Drama, Mystery, Thriller",194438,1999-11-05,"Phillip Noyce"
243,tt0122690,2013-04-04,2013-04-04,,"Ronin","Ronin",https://www.imdb.com/title/tt0122690/,Movie,7.2,122,1998,"Action, Crime, Thriller",202533,1998-09-25,"John Frankenheimer"
244,tt0159273,2013-04-03,2013-04-03,,"Behind Enemy Lines","Behind Enemy Lines",https://www.imdb.com/title/tt0159273/,Movie,6.4,106,2001,"Action, Drama, Thriller, War",117023,2001-11-30,"John Moore"
245,tt0120832,2013-04-04,2013-04-04,,"Snake Eyes","Snake Eyes",https://www.imdb.com/title/tt0120832/,Movie,6.1,98,1998,"Crime, Mystery, Thriller",90006,1998-08-07,"Brian De Palma"
246,tt0112642,2013-04-04,2013-04-04,,"Casper","Casper",https://www.imdb.com/title/tt0112642/,Movie,6.2,100,1995,"Comedy, Family, Fantasy",153207,1995-05-26,"Brad Silberling"
247,tt0367594,2013-04-04,2013-04-04,,"Charlie and the Chocolate Factory","Charlie and the Chocolate Factory",https://www.imdb.com/title/tt0367594/,Movie,6.7,115,2005,"Adventure, Comedy, Family, Fantasy, Musical",553289,2005-07-15,"Tim Burton"
248,tt0097351,2013-04-04,2013-04-04,,"Field of Dreams","Field of Dreams",https://www.imdb.com/title/tt0097351/,Movie,7.5,107,1989,"Drama, Family, Fantasy, Sport",134777,1989-05-05,"Phil Alden Robinson"
249,tt0113957,2013-04-04,2013-04-04,,"The Net","The Net",https://www.imdb.com/title/tt0113957/,Movie,6.0,114,1995,"Action, Crime, Drama, Mystery, Thriller",77612,1995-07-28,"Irwin Winkler"
250,tt0317740,2013-04-04,2013-04-04,,"The Italian Job","The Italian Job",https://www.imdb.com/title/tt0317740/,Movie,7.0,111,2003,"Action, Crime, Thriller",399919,2003-05-30,"F. Gary Gray"
251,tt0490204,2013-04-04,2013-04-04,,"Reign Over Me","Reign Over Me",https://www.imdb.com/title/tt0490204/,Movie,7.4,124,2007,"Drama",101358,2007-03-23,"Mike Binder"
252,tt0119116,2013-04-04,2013-04-04,,"The Fifth Element","The Fifth Element",https://www.imdb.com/title/tt0119116/,Movie,7.6,126,1997,"Action, Adventure, Sci-Fi",529048,1997-05-09,"Luc Besson"
253,tt0137494,2013-04-04,2013-04-04,,"Entrapment","Entrapment",https://www.imdb.com/title/tt0137494/,Movie,6.3,113,1999,"Action, Crime, Romance, Thriller",127389,1999-04-30,"Jon Amiel"
254,tt0119094,2013-04-04,2013-04-04,,"Face/Off","Face/Off",https://www.imdb.com/title/tt0119094/,Movie,7.3,138,1997,"Action, Crime, Sci-Fi, Thriller",415930,1997-06-27,"John Woo"
